What does 'Unversehrtheit' mean in German?,integrity
What does 'Animosität' mean in English?,animosity
Translate 'verheerend' into English.,devastating
What is the English translation of 'entkräften'?,"to refute, invalidate"
What is the meaning of 'Unstimmigkeit' in English?,discrepancy
How do you translate 'unermüdlich' to English?,tireless
Translate 'unabdingbar' into English.,indispensable
What does 'abwegig' mean in English?,far-fetched
What is the meaning of 'Vernachlässigung' in English?,neglect
How do you say 'verweilen' in English?,to linger
Translate 'nachgiebig' into English.,"yielding, lenient"
What is the English meaning of 'unentbehrlich'?,essential
How do you translate 'unverhältnismäßig' to English?,disproportionate
What does 'hervorragend' mean in English?,"excellent, outstanding"
Translate 'widersprüchlich' into English.,contradictory
What is the meaning of 'Verheerung' in English?,devastation
How do you say 'belanglos' in English?,trivial
Translate 'waghalsig' into English.,"reckless, daring"
What is the English translation of 'bewerkstelligen'?,to accomplish
How do you translate 'eindämmen' into English?,"to contain, curb"
What does 'ausnahmslos' mean in English?,without exception
Translate 'nachsichtig' into English.,lenient
What is the English translation of 'beachtlich'?,remarkable
What is the meaning of 'geheuer' in English?,"safe, trustworthy"
Translate 'überwältigen' into English.,to overwhelm
What does 'überdurchschnittlich' mean in English?,above average
How do you say 'Ermutigung' in English?,encouragement
Translate 'überliefert' into English.,"handed down, traditional"
What is the English meaning of 'empfindlich'?,sensitive
How do you translate 'forsch' into English?,"assertive, bold"
What does 'prägnant' mean in English?,"concise, succinct"
Translate 'nichtssagend' into English.,meaningless
What is the meaning of 'überstürzt' in English?,hasty
How do you say 'Anmaßung' in English?,presumption
Translate 'ausufernd' into English.,"sprawling, excessive"
What is the English translation of 'langwierig'?,"protracted, lengthy"
What is the meaning of 'Gefolgschaft' in English?,"followers, entourage"
Translate 'vermeintlich' into English.,supposed
What does 'überholen' mean in English?,to overtake
Translate 'freimütig' into English.,"frank, candid"
What is the English meaning of 'untergraben'?,to undermine
How do you say 'unerschütterlich' in English?,unwavering
What is the meaning of 'bewährt' in English?,proven
Translate 'unverfälscht' into English.,"unadulterated, genuine"
What does 'unbestritten' mean in English?,undisputed
Translate 'verständlicherweise' into English.,understandably
What is the English meaning of 'vorrangig'?,"priority, primary"
How do you say 'belangen' in English?,to concern
What is the English translation of 'überfällig'?,overdue
How do you translate 'übereinstimmen' into English?,to agree
